product,PC1,PC2,PC3,PC4,PC5
TRANSLATOR_SPACE_GRAY,-0.3826719167235922,0.3194875680244611,0.03787760849350112,0.8307824959972189,0.24465410102500126
TRANSLATOR_ASTRO_BLACK,-0.4220340465393221,0.4989405344308397,-0.628843656656771,-0.3981592976708878,0.1377332052349013
TRANSLATOR_ECLIPSE_CHARCOAL,-0.5523234073035529,0.24258491985602995,0.6732198598680321,-0.2843301249560429,-0.319410098031958
TRANSLATOR_GRAPHITE_MIST,-0.5115012135787315,-0.667624263965169,0.013040318382134958,-0.13376923368115604,0.5240039054141674
TRANSLATOR_VOID_BLUE,-0.329779972049268,-0.38002162544135987,-0.38694432756291075,0.22919814612185144,-0.737950561632203
