a,b,corr,abs_corr
SNACKPACK_RASPBERRY,SNACKPACK_STRAWBERRY,-0.9316065408291692,0.9316065408291692
SNACKPACK_CHOCOLATE,SNACKPACK_VANILLA,-0.9195204704642531,0.9195204704642531
SNACKPACK_PISTACHIO,SNACKPACK_STRAWBERRY,0.9122632355103623,0.9122632355103623
SNACKPACK_PISTACHIO,SNACKPACK_RASPBERRY,-0.8335607414465643,0.8335607414465643
PEBBLES_L,PEBBLES_XL,-0.4960272624889941,0.4960272624889941
PEBBLES_S,PEBBLES_XL,-0.4909766821402735,0.4909766821402735
