product,PC1,PC2,PC3,PC4,PC5
UV_VISOR_YELLOW,-0.3889571015616475,-0.3416507991009073,0.33059908318641446,0.7759079961086627,0.14372937204835762
UV_VISOR_AMBER,-0.2326327918215142,0.8760392531030721,-0.19253915038442163,0.36661455064972315,-0.08342456480609242
UV_VISOR_ORANGE,-0.5266300875037755,-0.14615999669137003,-0.6020055456479985,-0.17471545200907987,0.5553033766701425
UV_VISOR_RED,-0.40010282921340345,-0.2506168738261249,-0.33589892652895326,-0.016856523370156973,-0.8148599127369189
UV_VISOR_MAGENTA,-0.5976393848344388,0.17792806528797422,0.6151375097742772,-0.48244266112738715,-0.004867450114563826
