product,PC1,PC2,PC3,PC4,PC5
GALAXY_SOUNDS_DARK_MATTER,-0.3071448570072174,-0.1766239808745306,-0.9308240525307557,0.07678217872152553,0.04622863241591828
GALAXY_SOUNDS_BLACK_HOLES,-0.12205018342935059,0.30049138605683395,-0.03632036934376043,0.3019780720368232,-0.8957113119806855
GALAXY_SOUNDS_PLANETARY_RINGS,-0.7934967406546216,-0.25807775078239237,0.3509030100629958,0.4004616213069804,0.14232485556116703
GALAXY_SOUNDS_SOLAR_WINDS,-0.2453496307241858,0.9010530249170796,-0.07004868047456086,0.03178331894534522,0.3492706801205593
GALAXY_SOUNDS_SOLAR_FLAMES,-0.4482546941336758,0.0028665527308048555,0.0648665853383367,-0.8611237144201189,-0.2309064456276792
