product,PC1,PC2,PC3,PC4,PC5
OXYGEN_SHAKE_MORNING_BREATH,-0.031650535944045925,-0.011349748981535263,-0.7254445634597311,0.05231106242085557,0.6854656554982402
OXYGEN_SHAKE_EVENING_BREATH,-0.9940722748424728,0.10042267474002448,0.04132863863706682,0.005171573389068155,-0.0008928855800953706
OXYGEN_SHAKE_MINT,-0.020714681815420743,-0.030498089705027633,-0.31605488439383317,-0.909789757227428,-0.2665195605888775
OXYGEN_SHAKE_CHOCOLATE,-0.09868437474144012,-0.9939827061376115,0.04005999706156235,0.01573891328159563,0.02018061756695868
OXYGEN_SHAKE_GARLIC,-0.02551180321230151,-0.02923552667235974,-0.6087089909483476,0.41142641119628515,-0.6772710715701923
