product,PC1,PC2,PC3,PC4,PC5
SNACKPACK_CHOCOLATE,0.006774473420364635,-0.7207151111642331,-0.32345026480065625,0.35674438280134757,0.4986353443043069
SNACKPACK_VANILLA,-0.013157731885863933,0.6930866193296614,-0.3386043922562959,0.37153829712231534,0.5164921795283979
SNACKPACK_PISTACHIO,-0.42719060108492984,-0.006412629335946402,-0.5644103347922911,-0.6947382269437977,0.12746308694025096
SNACKPACK_STRAWBERRY,-0.6263075110628915,-0.010133754672717253,-0.26367333600477594,0.5011311607906364,-0.5357052736040411
SNACKPACK_RASPBERRY,0.6519417708142332,0.007540016375339832,-0.6266133876681028,0.029984909850677505,-0.4258774978758706
