product,PC1,PC2,PC3,PC4,PC5
ROBOT_VACUUMING,-0.005364044432123976,0.043771285355460314,0.7329323393937536,0.664423441443252,-0.13930892985435747
ROBOT_MOPPING,0.005328590397078337,-0.0006634132407382642,-0.6098095825398766,0.5539339152590839,-0.5667986031877069
ROBOT_DISHES,-0.999970146493107,-0.0012351733089061567,-0.007521062623745245,3.868847693794253e-05,-0.0012698778141735367
ROBOT_LAUNDRY,-0.0012147330738082086,-0.027308480741887707,0.3004901770101032,-0.4998989724234167,-0.8118247607664959
ROBOT_IRONING,-0.0010313572728543607,0.9986672897855771,-0.024321719733356784,-0.04242315240126593,-0.016471511893476398
