product,PC1,PC2,PC3,PC4,PC5
PANEL_1X2,-0.7963100813919846,0.34825480938667647,0.081136046127872,0.4611558816441764,-0.15925148933764707
PANEL_2X2,-0.26122474969643084,0.46805451260404696,0.013517645466878947,-0.6029072867767417,0.5907678733559947
PANEL_1X4,-0.3110291845161557,-0.18249857640500344,-0.7502179345888002,-0.3997961436304154,-0.3837853698995382
PANEL_2X4,-0.1969013310997593,-0.5186918897397842,-0.32567452942224484,0.3450139125546341,0.6834398952056111
PANEL_4X4,-0.40266933904866087,-0.5977428829340893,0.5695115159385997,-0.3807446651740275,-0.10607064837453428
