product,PC1,PC2,PC3,PC4,PC5
PEBBLES_XS,-0.4675319003856836,0.8169624261982513,0.1515360208151614,-0.011355661882235182,0.3014866491915381
PEBBLES_S,-0.2665417108068213,-0.4389063193863453,0.7632765008404129,-0.016361513348919936,0.391737212106091
PEBBLES_M,-0.2219610118696109,-0.21081806303160597,-0.4228507084299214,0.7140505121089231,0.466495657050222
PEBBLES_L,-0.21388633579722374,-0.2184449320487087,-0.4519266798783555,-0.6998099870971095,0.4610452309641019
PEBBLES_XL,0.784445908327005,0.2185662209602281,0.10679593650866293,-0.0010945045809114713,0.5704970236286468
