product,PC1,PC2,PC3,PC4,PC5
SLEEP_POD_SUEDE,-0.16973188652558474,0.5096494459642333,-0.5983832369227887,0.2511137820305111,0.538820841438929
SLEEP_POD_LAMB_WOOL,-0.320592506251233,0.47050447313267496,0.22146725524666783,-0.7888187161189617,0.06755200701413155
SLEEP_POD_POLYESTER,-0.46750219012302935,0.3463097056946922,0.5890785554335095,0.5551577214463972,-0.07935773319998732
SLEEP_POD_NYLON,0.06176501198618539,0.4288042630220006,-0.36754241426760476,0.057171072781325216,-0.8209482501716403
SLEEP_POD_COTTON,0.8037650882916825,0.4637666166794556,0.3328494943154084,0.05690583740041326,0.15765515500892835
