product,PC1,PC2,PC3,PC4,PC5
MICROCHIP_CIRCLE,-0.017179954816621667,0.012257529915376163,0.0025898078626137026,0.001795465748561232,0.9997723097339979
MICROCHIP_OVAL,-0.293421066940895,0.8881980004744212,-0.3531236149190303,-0.009332506695211754,-0.015000211125431887
MICROCHIP_SQUARE,-0.8195254552807554,-0.40489909379565875,-0.3428120880279508,0.21642628254699378,-0.008619078554602248
MICROCHIP_RECTANGLE,-0.3904676777575853,0.21297566292813214,0.8534813400802915,0.27129597537208155,-0.012018964538685138
MICROCHIP_TRIANGLE,-0.2992021848202896,-0.04064671890068547,0.1713081431760252,-0.9377994660860766,-0.0034026947595854205
