day,rho_1,rho_5,rho_10,rho_50,path_return_pct,ann_vol
0,-0.15106654659261573,0.006366560322800112,0.008595994841529625,0.010260396284907896,-0.1142857142857143,0.33905694718714174
1,-0.16934964643627157,-0.005741522457879263,0.004333755592477361,-0.000860870133024178,0.3908484270734033,0.3432606399637017
2,-0.15526696505532087,0.00393470508572265,0.0017642730080042357,-0.017033983313744568,0.53156146179402,0.3438068738566304
